old_commit	new_commit	old_parents	new_parents	old_tree	new_tree	old_timestamp	new_timestamp	disposition
bed9cde6b0fc29e03dfa5a95fb1cfe9014c16c1e	722ad4e34a24ad002bf6e8d6f0baf9e2bfa534b8			0ffaea5a69ae7505196e9e25727291d561bccd82	0ffaea5a69ae7505196e9e25727291d561bccd82	2024-11-01T09:45:38+09:00	2024-11-01T09:45:38+09:00	tree-identical
326b8a328058bde73ce6ff523b907e698970cb12	e1050f277f3e22e796d2632dfe29fced54f773d1	bed9cde6b0fc29e03dfa5a95fb1cfe9014c16c1e	722ad4e34a24ad002bf6e8d6f0baf9e2bfa534b8	101e9bdba6ef0bff6c2434abb54419fcd902f0e7	101e9bdba6ef0bff6c2434abb54419fcd902f0e7	2024-11-03T12:04:45+09:00	2024-11-03T12:04:45+09:00	tree-identical
fd083a52d6dd6a1ef6cde35abc2fed0af5c6ddf3	c94e75be00115d58ed938e299d6af98f5eaf4d45	326b8a328058bde73ce6ff523b907e698970cb12	e1050f277f3e22e796d2632dfe29fced54f773d1	6356148eade77079322a9ea11673e18bca509f6b	6356148eade77079322a9ea11673e18bca509f6b	2024-11-04T21:37:30+09:00	2024-11-04T21:37:30+09:00	tree-identical
d40651123fdd84281e7dce99dea293d107d70569	121f6e61e9edd63f40884d74037cd434186e911f	bed9cde6b0fc29e03dfa5a95fb1cfe9014c16c1e fd083a52d6dd6a1ef6cde35abc2fed0af5c6ddf3	722ad4e34a24ad002bf6e8d6f0baf9e2bfa534b8 c94e75be00115d58ed938e299d6af98f5eaf4d45	6356148eade77079322a9ea11673e18bca509f6b	6356148eade77079322a9ea11673e18bca509f6b	2024-11-05T14:23:53+09:00	2024-11-05T14:23:53+09:00	tree-identical
9694fa955b9ab29d0dc8118a520c94a2fad200b3	be7a3a00aea0fc35cd2e76db0ace67033f992836	d40651123fdd84281e7dce99dea293d107d70569	121f6e61e9edd63f40884d74037cd434186e911f	2840ab74d81aa7f923157e3a9238a70e83d7dea1	b5c6c5db8040fd0b00c091460bb9c764464c0098	2024-11-06T09:10:15+09:00	2024-11-06T09:10:15+09:00	integrated final exercise contracts at original frame responsibilities
2b54738b832cf52d1835028d67a02e5cb414ccf1	85f217abb3fa752ae05009a67662d17da1b63a24	9694fa955b9ab29d0dc8118a520c94a2fad200b3	be7a3a00aea0fc35cd2e76db0ace67033f992836	86e71cc6a9d284d404c1567143c3c4f9dd94467d	989a06ac1082871c78e6af7947b40d1b6ae17039	2024-11-08T09:29:23+09:00	2024-11-08T09:29:23+09:00	integrated final exercise contracts at original frame responsibilities
851b0f6db4b06d15a217f510ef62e904d3b43a37	6a75c4efe4f616fa5233381868f098d923feb1dc	2b54738b832cf52d1835028d67a02e5cb414ccf1	85f217abb3fa752ae05009a67662d17da1b63a24	94b0b31951aab633bb0a411eb91fee3e448b161f	6fe88bfa529226c28a208bafc340b999532793d2	2024-11-09T19:02:08+09:00	2024-11-09T19:02:08+09:00	integrated Spring JSON escaping at original test responsibility; integrated final exercise contracts at original frame responsibilities
e57a2715bc3e36cf00e305a1a96268ac750b6143	5465756dccfe3e1cd81f8cf30750d277a7082280	d40651123fdd84281e7dce99dea293d107d70569 851b0f6db4b06d15a217f510ef62e904d3b43a37	121f6e61e9edd63f40884d74037cd434186e911f 6a75c4efe4f616fa5233381868f098d923feb1dc	94b0b31951aab633bb0a411eb91fee3e448b161f	6fe88bfa529226c28a208bafc340b999532793d2	2024-11-10T11:48:31+09:00	2024-11-10T11:48:31+09:00	integrated Spring JSON escaping at original test responsibility; integrated final exercise contracts at original frame responsibilities
90b380381ceb7bd4e66e455e38a22e5765e4a9e9	d5a269a103a08d6e88ec2281b0b45b08d70c892d	e57a2715bc3e36cf00e305a1a96268ac750b6143	5465756dccfe3e1cd81f8cf30750d277a7082280	8a19b710cf01206ff8af9d4540d900417c6073fd	97af20f033883d59c2ffdc64bd174c39ec668aaa	2024-11-11T09:34:53+09:00	2024-11-11T09:34:53+09:00	integrated Spring JSON escaping at original test responsibility; integrated final exercise contracts at original frame responsibilities
ca85fc29dbbfbb05a7c0005085aa0a7176218ebc	0a031bb35378af8909810e5f6f3b6ce945e2ea3c	90b380381ceb7bd4e66e455e38a22e5765e4a9e9	d5a269a103a08d6e88ec2281b0b45b08d70c892d	8be0235acf347623fdc443813e3775b579bab8c6	a601446ca42587b5dd959a444b9f94a67af15bc3	2024-11-13T09:54:01+09:00	2024-11-13T09:54:01+09:00	integrated Spring JSON escaping at original test responsibility; integrated final exercise contracts at original frame responsibilities
e673c008617f282c6c5bd435cb75e1c0bed5bc5c	0dc05a4f07c77ecb576d278988eac1824e632ade	ca85fc29dbbfbb05a7c0005085aa0a7176218ebc	0a031bb35378af8909810e5f6f3b6ce945e2ea3c	138c34637609a8cf07799338d353adbe9709cc8b	1b01ffca375155c736bf173ff953883c692204b5	2024-11-14T16:26:46+09:00	2024-11-14T16:26:46+09:00	integrated Spring JSON escaping at original test responsibility; integrated final exercise contracts at original frame responsibilities
7aff97f4e614f4f06306f6976c0e9adc636b5de9	7dffe52560fd095eaa4cd9cfaf4bef58dec5dd3f	e57a2715bc3e36cf00e305a1a96268ac750b6143 e673c008617f282c6c5bd435cb75e1c0bed5bc5c	5465756dccfe3e1cd81f8cf30750d277a7082280 0dc05a4f07c77ecb576d278988eac1824e632ade	138c34637609a8cf07799338d353adbe9709cc8b	1b01ffca375155c736bf173ff953883c692204b5	2024-11-15T09:13:09+09:00	2024-11-15T09:13:09+09:00	integrated Spring JSON escaping at original test responsibility; integrated final exercise contracts at original frame responsibilities
ba856fe75f09ff3c70d58aa717fe5127777e563b	4cd6b03e53b5d5712791734c09459883dbb20829	7aff97f4e614f4f06306f6976c0e9adc636b5de9	7dffe52560fd095eaa4cd9cfaf4bef58dec5dd3f	d0e1ac231ad97159653352c508f47480d31285c3	3fe1cfa971e130f3c52201126a4c1c40b1dc3b2f	2024-11-16T09:59:31+09:00	2024-11-16T09:59:31+09:00	integrated Spring JSON escaping at original test responsibility; integrated final exercise contracts at original frame responsibilities
542936cfaefd5eef7f7181e0279e81ae9d32bc6c	7969edc75bc2d2af515e63c1e3f4f1c714d0f80d	ba856fe75f09ff3c70d58aa717fe5127777e563b	4cd6b03e53b5d5712791734c09459883dbb20829	4bc24334dca533cedf236945f0b7cb5582d4c083	15cbb05f12e5dc23309cccbabbd6d382cc2837d6	2024-11-18T21:05:02+09:00	2024-11-18T21:05:02+09:00	integrated Spring JSON escaping at original test responsibility; integrated final exercise contracts at original frame responsibilities
6c4f09f4b35b2f1a2ba9f7058449b3b5572f6d61	670d7db972cc96904c035b3452bc0d8dfdcf2682	542936cfaefd5eef7f7181e0279e81ae9d32bc6c	7969edc75bc2d2af515e63c1e3f4f1c714d0f80d	72254545ad8087f4ff963031cc837cf3a9c6080a	6e8503f9b1f2110758d4fa8d6001a46aa563b9c5	2024-11-20T09:37:47+09:00	2024-11-20T09:37:47+09:00	integrated Spring JSON escaping at original test responsibility; integrated final exercise contracts at original frame responsibilities
2a89af64bef787bd8efe38eac5bc5f7db957a13e	6d0605e54afbcb888bc8efca0091733830257745	7aff97f4e614f4f06306f6976c0e9adc636b5de9 6c4f09f4b35b2f1a2ba9f7058449b3b5572f6d61	7dffe52560fd095eaa4cd9cfaf4bef58dec5dd3f 670d7db972cc96904c035b3452bc0d8dfdcf2682	72254545ad8087f4ff963031cc837cf3a9c6080a	6e8503f9b1f2110758d4fa8d6001a46aa563b9c5	2024-11-20T09:46:38+09:00	2024-11-20T09:46:38+09:00	integrated Spring JSON escaping at original test responsibility; integrated final exercise contracts at original frame responsibilities
2482572ff51d3ff8f8ca60b6a2790e100af0e0ab	229e3d4cceaa333f7772c5d91ee4673ddea21759	2a89af64bef787bd8efe38eac5bc5f7db957a13e	6d0605e54afbcb888bc8efca0091733830257745	d087af23b3fc0f371ae56a056307f00a5d6a1b96	53be590903c97f55cf5c9a28bb542ef3b50b6f62	2024-11-21T16:10:32+09:00	2024-11-21T16:10:32+09:00	integrated Spring JSON escaping at original test responsibility; integrated final exercise contracts at original frame responsibilities
b2acb1d2a38265f19dc1becc211c3f265113ac27	330193ceb81525256e5317e9491c0cdd6f2e400a	2482572ff51d3ff8f8ca60b6a2790e100af0e0ab	229e3d4cceaa333f7772c5d91ee4673ddea21759	361e062e83f1d644f98b29d1ad6a6b1d7b46d5c7	2af05f0e4adac5ddf651be07579f24cc3c98c026	2024-11-23T18:29:40+09:00	2024-11-23T18:29:40+09:00	integrated Spring JSON escaping at original test responsibility; integrated final exercise contracts at original frame responsibilities
970fc1396769510fce67bd4bc65ca9640991e9e8	0c088e2a93cc8776bb97a8627de52d81c54390f4	b2acb1d2a38265f19dc1becc211c3f265113ac27	330193ceb81525256e5317e9491c0cdd6f2e400a	a02ef50bb3d53191423c146d855f10c8195bb295	8178554f208f4867b6508ebe76cd0ec158fab4be	2024-11-25T09:02:25+09:00	2024-11-25T09:02:25+09:00	integrated Spring JSON escaping at original test responsibility; integrated final exercise contracts at original frame responsibilities
064862f122dea1f219b22b5539abfe91fa4dd0d4	1cc521469d20c2dcd1a1bbfec0331199f2fc9258	2a89af64bef787bd8efe38eac5bc5f7db957a13e 970fc1396769510fce67bd4bc65ca9640991e9e8	6d0605e54afbcb888bc8efca0091733830257745 0c088e2a93cc8776bb97a8627de52d81c54390f4	a02ef50bb3d53191423c146d855f10c8195bb295	8178554f208f4867b6508ebe76cd0ec158fab4be	2024-11-25T20:48:47+09:00	2024-11-25T20:48:47+09:00	integrated Spring JSON escaping at original test responsibility; integrated final exercise contracts at original frame responsibilities
cf56829d1db260eec5457b4e4c5f501e4b3c1efb	0067c29418a7f399088dc4d1b0c4138f9d001e7c	064862f122dea1f219b22b5539abfe91fa4dd0d4	1cc521469d20c2dcd1a1bbfec0331199f2fc9258	a42457a7b144233ad3b4641310f70ea32c6bf33a	6905e87fa6aee66be68b3821c2f313791234f9ae	2024-11-26T13:35:10+09:00	2024-11-26T13:35:10+09:00	integrated Spring JSON escaping at original test responsibility; integrated final exercise contracts at original frame responsibilities
9315d34173e0273392771e76f46fd02d0a3bbdfc	b059e540981954750b2c1772aea8ec855b89a62e	cf56829d1db260eec5457b4e4c5f501e4b3c1efb	0067c29418a7f399088dc4d1b0c4138f9d001e7c	90463bf7e0063adc360dd1c810865b6ffe7b7a65	258d515f8ad073998e9e1fd0b91de9a73bc065d8	2024-11-28T15:54:18+09:00	2024-11-28T15:54:18+09:00	integrated Spring JSON escaping at original test responsibility; integrated final exercise contracts at original frame responsibilities
3af8fbde4c7f60c527fd78ca46c8818475e505a8	9aca5591de0338b08f7e5709fb28d494d6f01fb5	9315d34173e0273392771e76f46fd02d0a3bbdfc	b059e540981954750b2c1772aea8ec855b89a62e	2e56b3a3f62cc882ab6637df5c478965de405f30	54876e8e0023d521d7803705c7255c9ab93fc80a	2024-11-30T09:27:03+09:00	2024-11-30T09:27:03+09:00	integrated Spring JSON escaping at original test responsibility; integrated final exercise contracts at original frame responsibilities
050d4469acc3748c67509ddb7f4815ca939b836c	7cfc100c38181015e6a19a8d6f7a3e8145d08f18	064862f122dea1f219b22b5539abfe91fa4dd0d4 3af8fbde4c7f60c527fd78ca46c8818475e505a8	1cc521469d20c2dcd1a1bbfec0331199f2fc9258 9aca5591de0338b08f7e5709fb28d494d6f01fb5	2e56b3a3f62cc882ab6637df5c478965de405f30	54876e8e0023d521d7803705c7255c9ab93fc80a	2024-11-30T18:13:25+09:00	2024-11-30T18:13:25+09:00	integrated Spring JSON escaping at original test responsibility; integrated final exercise contracts at original frame responsibilities
34d71b807012ad08740983ac84351714fb262d24	1a11df6c8e705021b179ded94dd95859cd4c33d3	050d4469acc3748c67509ddb7f4815ca939b836c	7cfc100c38181015e6a19a8d6f7a3e8145d08f18	ebc2fa6944cadcb42dda9f19d9934669e36a6b62	ec81f77003ea6f94ff0be3f8b06239b949154ff7	2024-12-01T10:59:48+09:00	2024-12-01T10:59:48+09:00	integrated Spring JSON escaping at original test responsibility; integrated final exercise contracts at original frame responsibilities
5c37d547681fd3280c79749a0afc68637f1f7255	11f6f3807f725f0f17c79f98985278a072f5ec27	34d71b807012ad08740983ac84351714fb262d24	1a11df6c8e705021b179ded94dd95859cd4c33d3	19736d08537c351cb34c438ad285f16eac10ba4a	ba001cc75e5a3eabfc0de6869c87a03b404d1c20	2024-12-03T13:18:56+09:00	2024-12-03T13:18:56+09:00	integrated Spring JSON escaping at original test responsibility; integrated final exercise contracts at original frame responsibilities
fac81e0ce667f680f218eac9ba006f23547ae784	7da7160d51a805af3224c3da00fab01e91d9b484	5c37d547681fd3280c79749a0afc68637f1f7255	11f6f3807f725f0f17c79f98985278a072f5ec27	ca72e26fb46b9065110d8aed21e2271489bd5c2c	9e631d7d42c51209e1fe24fc2980b2f43a6ec087	2024-12-04T10:41:45+09:00	2024-12-04T10:41:45+09:00	integrated Spring JSON escaping at original test responsibility; integrated final exercise contracts at original frame responsibilities
f61b2d47703a14f525dad4c98e57216919ed223b	3e754a4feb639278b4d502b81cba4ac95b9061d0	050d4469acc3748c67509ddb7f4815ca939b836c fac81e0ce667f680f218eac9ba006f23547ae784	7cfc100c38181015e6a19a8d6f7a3e8145d08f18 7da7160d51a805af3224c3da00fab01e91d9b484	ca72e26fb46b9065110d8aed21e2271489bd5c2c	9e631d7d42c51209e1fe24fc2980b2f43a6ec087	2024-12-05T15:38:03+09:00	2024-12-05T15:38:03+09:00	integrated Spring JSON escaping at original test responsibility; integrated final exercise contracts at original frame responsibilities
635f2a5d0ba51623c892fa14cced09f46f45412a	81539d75bfbebc7d589418c19ad745c4bf597619	f61b2d47703a14f525dad4c98e57216919ed223b	3e754a4feb639278b4d502b81cba4ac95b9061d0	cc2f144455ea7e4fcf578b5f514e31a3d67a745d	2fc6dbaa53bc2cbc1b206d948841cd4273e05b44	2024-12-06T09:24:26+09:00	2024-12-06T09:24:26+09:00	integrated Spring JSON escaping at original test responsibility; integrated final exercise contracts at original frame responsibilities
6aa82f9830103fc6376099aded68aabed26c30e4	c8d7c34315bf537536e7fc168ee84f732f404bce	635f2a5d0ba51623c892fa14cced09f46f45412a	81539d75bfbebc7d589418c19ad745c4bf597619	36d71e9066668403378072f86c4e1432dc377f54	9d8d8618cc403c5934464c877804d27f9ad94193	2024-12-09T09:29:56+09:00	2024-12-09T09:29:56+09:00	integrated Spring JSON escaping at original test responsibility; integrated final exercise contracts at original frame responsibilities
f9e003ba0d50a4f46a6e4d89445ffd1696b49d1f	28e3e9e3afe9efe04c5b0594d34437061ffeaa6c	6aa82f9830103fc6376099aded68aabed26c30e4	c8d7c34315bf537536e7fc168ee84f732f404bce	efc62fae5821742386a2b238dc645ad8f01ad113	a817111d0f7b96d079c910106c597f87b173f11a	2024-12-10T13:02:41+09:00	2024-12-10T13:02:41+09:00	integrated Spring JSON escaping at original test responsibility; integrated final exercise contracts at original frame responsibilities
9f0339d8b5655b47e1f09f8266849cc21b6e1e92	eb1478d1b8e560cefc90e17d4a1e108b02b4f75f	f61b2d47703a14f525dad4c98e57216919ed223b f9e003ba0d50a4f46a6e4d89445ffd1696b49d1f	3e754a4feb639278b4d502b81cba4ac95b9061d0 28e3e9e3afe9efe04c5b0594d34437061ffeaa6c	efc62fae5821742386a2b238dc645ad8f01ad113	a817111d0f7b96d079c910106c597f87b173f11a	2024-12-11T09:49:04+09:00	2024-12-11T09:49:04+09:00	integrated Spring JSON escaping at original test responsibility; integrated final exercise contracts at original frame responsibilities
06776d355474cf057c70a201d2b958c08c1d02bb	ee0941a54079d124588221b9ad9c8275dbce2790	9f0339d8b5655b47e1f09f8266849cc21b6e1e92	eb1478d1b8e560cefc90e17d4a1e108b02b4f75f	11453ce17b9036260d0908c703e427b7d25267fc	3e44cbbfce3f06b38ee2cc191916aa80e7666a85	2024-12-11T10:03:09+09:00	2024-12-11T10:03:09+09:00	integrated Spring JSON escaping at original test responsibility; integrated final exercise contracts at original frame responsibilities
2da6987a165ce9058b4f4fbb59b480eb1565f8b1	c9590fad4bfcb8a5c29f3347c5e7b9c53ea9db06	06776d355474cf057c70a201d2b958c08c1d02bb	ee0941a54079d124588221b9ad9c8275dbce2790	01c1b23a29ad046fa457ccf21db5a3551d0a701d	dbd9267a11e2f91672805b8a87d7fe41343e0e34	2024-12-14T17:40:57+09:00	2024-12-14T17:40:57+09:00	integrated Spring JSON escaping at original test responsibility; integrated final exercise contracts at original frame responsibilities
6bbc05294033d1e5153ff80ffd4c19d7a6bc6c53	b37d877c167b2043cdd2c730d81d8fd9d64d6049	2da6987a165ce9058b4f4fbb59b480eb1565f8b1	c9590fad4bfcb8a5c29f3347c5e7b9c53ea9db06	d1a3b700a239dd2950b073f9a966d7ffaaeac4b6	d27d52bf290d26defd8e30c75b61e2ea35a3604f	2024-12-15T17:38:37+09:00	2024-12-15T17:38:37+09:00	integrated Spring JSON escaping at original test responsibility; integrated final exercise contracts at original frame responsibilities
96cc8092d3b2027bdbe5a53e5dd6a797a81de79f	29d7824e124a63bfccba4c1b4aea5c6f5cab1da8	9f0339d8b5655b47e1f09f8266849cc21b6e1e92 6bbc05294033d1e5153ff80ffd4c19d7a6bc6c53	eb1478d1b8e560cefc90e17d4a1e108b02b4f75f b37d877c167b2043cdd2c730d81d8fd9d64d6049	d1a3b700a239dd2950b073f9a966d7ffaaeac4b6	d27d52bf290d26defd8e30c75b61e2ea35a3604f	2024-12-16T09:37:28+09:00	2024-12-16T09:37:28+09:00	integrated Spring JSON escaping at original test responsibility; integrated final exercise contracts at original frame responsibilities
d4ef79961f27181f73019b30ce1f351e8472b59b	34776ecd9240e2e22bd72210f5f7a8c46c05891e	96cc8092d3b2027bdbe5a53e5dd6a797a81de79f	29d7824e124a63bfccba4c1b4aea5c6f5cab1da8	e667200e82db2aa776c6d9853e79a97390815e01	1bd5b5d5ddff61061b16aa8a8e418510f7bcfde5	2024-12-16T17:36:18+09:00	2024-12-16T17:36:18+09:00	integrated Spring JSON escaping at original test responsibility; integrated final exercise contracts at original frame responsibilities
7a00a750f884d70fdd9882b26baa9f2c24ee3ba7	16caf05f5f8f53fdc46862e4506b8f0ad8f01170	d4ef79961f27181f73019b30ce1f351e8472b59b	34776ecd9240e2e22bd72210f5f7a8c46c05891e	6c41244a71735a4dd7f73c5030051850328b46b3	483b280a17a98cb6adc968b226e0edf6a4728fed	2024-12-18T09:32:49+09:00	2024-12-18T09:32:49+09:00	integrated Spring JSON escaping at original test responsibility; integrated final exercise contracts at original frame responsibilities
2e65da7558fe0443c3c00f24d767b7803ce9bbd0	22dcbe105324cf6d79f464cba567cbf769f923c9	7a00a750f884d70fdd9882b26baa9f2c24ee3ba7	16caf05f5f8f53fdc46862e4506b8f0ad8f01170	77a3d24d3a66947267e52c5891045995ff5b19c6	a6d382ea37f493cc8133aae16c5da024a3e16f4a	2024-12-19T09:30:30+09:00	2024-12-19T09:30:30+09:00	integrated Spring JSON escaping at original test responsibility; integrated final exercise contracts at original frame responsibilities
fa2ac0a7e5296ca09a8d3d0d9b294522110c11e0	9354a2594a5a51f943068e95688179dd56f61c57	96cc8092d3b2027bdbe5a53e5dd6a797a81de79f 2e65da7558fe0443c3c00f24d767b7803ce9bbd0	29d7824e124a63bfccba4c1b4aea5c6f5cab1da8 22dcbe105324cf6d79f464cba567cbf769f923c9	77a3d24d3a66947267e52c5891045995ff5b19c6	a6d382ea37f493cc8133aae16c5da024a3e16f4a	2024-12-19T17:29:21+09:00	2024-12-19T17:29:21+09:00	integrated Spring JSON escaping at original test responsibility; integrated final exercise contracts at original frame responsibilities
2075202190b6db063d17e89826a5fef172d5179d	9679061d81bc15a3a1eb7ae121e8213fa5320c6a	fa2ac0a7e5296ca09a8d3d0d9b294522110c11e0	9354a2594a5a51f943068e95688179dd56f61c57	49b0cf27d1081578a5cc91f42ed2bf27317ccb4b	e47d5de0cbf0b07689de9f9e2760f93f16f0976a	2024-12-20T09:28:11+09:00	2024-12-20T09:28:11+09:00	integrated Spring JSON escaping at original test responsibility; integrated final exercise contracts at original frame responsibilities
6e966f35b51a08969fb86b668e487aa3c31dff0c	6d5e496912b54c3e4fbb75d8d56ccac9289f8f63	2075202190b6db063d17e89826a5fef172d5179d	9679061d81bc15a3a1eb7ae121e8213fa5320c6a	514d09fec5861833a7784d5d41d4ccc2011b8173	30e3debbbfc8dc859a60a2c0a9d6d10c0920a960	2024-12-21T17:24:42+09:00	2024-12-21T17:24:42+09:00	integrated Spring JSON escaping at original test responsibility; integrated final exercise contracts at original frame responsibilities
0425302f11295d215df9ad7177a261540b201f42	3aec96ad1377c4557221fa6200c0743b13409bf5	6e966f35b51a08969fb86b668e487aa3c31dff0c	6d5e496912b54c3e4fbb75d8d56ccac9289f8f63	b5b891305d9b53c6523bcf2965fa8396c4e3fd9f	88e0cbb2b30a1818db03e6a2c6ac3e45295631ad	2024-12-22T17:22:23+09:00	2024-12-22T17:22:23+09:00	integrated Spring JSON escaping at original test responsibility; integrated final exercise contracts at original frame responsibilities
1f8dd6b654d9a327cdf26b0caa9a9adae392c1a7	f92dfc2ad160bc813ecc5c8e3d509f192f435286	fa2ac0a7e5296ca09a8d3d0d9b294522110c11e0 0425302f11295d215df9ad7177a261540b201f42	9354a2594a5a51f943068e95688179dd56f61c57 3aec96ad1377c4557221fa6200c0743b13409bf5	b5b891305d9b53c6523bcf2965fa8396c4e3fd9f	88e0cbb2b30a1818db03e6a2c6ac3e45295631ad	2024-12-23T09:21:13+09:00	2024-12-23T09:21:13+09:00	integrated Spring JSON escaping at original test responsibility; integrated final exercise contracts at original frame responsibilities
3f60c104f794d962b1cf728e83c259c6b0b6ea81	d2803ecbd5cd88560d4a84af0246caeb968c9c0a	1f8dd6b654d9a327cdf26b0caa9a9adae392c1a7	f92dfc2ad160bc813ecc5c8e3d509f192f435286	2076b3abab34ed5365690f8318903bfc256b208c	5fa8f082c67a5c7cef0a41c98364947f4d11e756	2024-12-23T17:20:04+09:00	2024-12-23T17:20:04+09:00	integrated Spring JSON escaping at original test responsibility; integrated final exercise contracts at original frame responsibilities
7916e4495778909c94ab4901834019689c38e08c	5b5ba7fef5e11e3fea78575ea9595946cf15ad0b	3f60c104f794d962b1cf728e83c259c6b0b6ea81	d2803ecbd5cd88560d4a84af0246caeb968c9c0a	f99c7ec5f7f7dd9ba2d71da46b2ffc079ff53fc8	9cf68091998563a7baff52617c2530ad999afd5c	2024-12-25T09:16:35+09:00	2024-12-25T09:16:35+09:00	integrated Spring JSON escaping at original test responsibility; integrated final exercise contracts at original frame responsibilities
7a03cc956e27d2ab17e6edca025015b107db5314	07a69207fbbaec3de39da953316046440408e1bc	7916e4495778909c94ab4901834019689c38e08c	5b5ba7fef5e11e3fea78575ea9595946cf15ad0b	27b64d528aca589b03f779f789e506b4563c3613	17fc7745c8db63b924aa70a691c54799317999a1	2024-12-26T09:14:16+09:00	2024-12-26T09:14:16+09:00	integrated Spring JSON escaping at original test responsibility; integrated final exercise contracts at original frame responsibilities
4ae887f02663001fdff881b5b7b2bbae891c5b73	b4cd20ebcd070d8f02fc60589b9458d0ae817231	1f8dd6b654d9a327cdf26b0caa9a9adae392c1a7 7a03cc956e27d2ab17e6edca025015b107db5314	f92dfc2ad160bc813ecc5c8e3d509f192f435286 07a69207fbbaec3de39da953316046440408e1bc	27b64d528aca589b03f779f789e506b4563c3613	17fc7745c8db63b924aa70a691c54799317999a1	2024-12-26T17:13:06+09:00	2024-12-26T17:13:06+09:00	integrated Spring JSON escaping at original test responsibility; integrated final exercise contracts at original frame responsibilities
c54cffe40736cc97512e7b1c7491a13ff2c0f63d	1166a1a614eac551ff0b9627a6ca48d1b1eabb8c	4ae887f02663001fdff881b5b7b2bbae891c5b73	b4cd20ebcd070d8f02fc60589b9458d0ae817231	13db03ee8bf9cad6721789a13dba7e034d7bbd8b	f4bd3e51cc9fd6bb72535be1c4e9c3045fe5deb3	2024-12-27T09:11:57+09:00	2024-12-27T09:11:57+09:00	integrated Spring JSON escaping at original test responsibility; integrated final exercise contracts at original frame responsibilities
5484281596b5173efc0a9a696fae7da435158f3e	3a3c75c8d210a5f0effbe2be5166e541e6855356	c54cffe40736cc97512e7b1c7491a13ff2c0f63d	1166a1a614eac551ff0b9627a6ca48d1b1eabb8c	6b77ae865e3e3ae50cf2dd717ca1666a2eca2129	dc6c18d8137229cf0f5087d2beecc643261216e5	2024-12-28T17:08:28+09:00	2024-12-28T17:08:28+09:00	integrated Spring JSON escaping at original test responsibility; integrated final exercise contracts at original frame responsibilities
0d923ddcdb80e62884be3607c8eb5bfde9b49a02	dbffb4821d37e4d6af714e86a3b837aa013d402f	5484281596b5173efc0a9a696fae7da435158f3e	3a3c75c8d210a5f0effbe2be5166e541e6855356	1634f1131aece5cf68a4b22896aaabf37e3d5134	f08806824e049408ec747f2283869a6bd09b4f7d	2024-12-29T17:06:09+09:00	2024-12-29T17:06:09+09:00	integrated Spring JSON escaping at original test responsibility; integrated final exercise contracts at original frame responsibilities
80da7131c8252567fe3fe123cdc4c45cb1d9137e	f309c979b688fe3f8420413c58c242c16051b28b	4ae887f02663001fdff881b5b7b2bbae891c5b73 0d923ddcdb80e62884be3607c8eb5bfde9b49a02	b4cd20ebcd070d8f02fc60589b9458d0ae817231 dbffb4821d37e4d6af714e86a3b837aa013d402f	1634f1131aece5cf68a4b22896aaabf37e3d5134	f08806824e049408ec747f2283869a6bd09b4f7d	2024-12-30T09:04:59+09:00	2024-12-30T09:04:59+09:00	integrated Spring JSON escaping at original test responsibility; integrated final exercise contracts at original frame responsibilities
2265064ddf7f9fe3c80fc4b3a85f44afee36a055	ed85b4077fb7a9e1a377d2db726438c57fb6d209	80da7131c8252567fe3fe123cdc4c45cb1d9137e	f309c979b688fe3f8420413c58c242c16051b28b	4d3368f5a10d72a03e1e3e3ad6b4b7335743c150	15e21ff5821c9eae1b44aecdf59a14d4a0100802	2024-12-30T17:03:49+09:00	2024-12-30T17:03:49+09:00	integrated Spring JSON escaping at original test responsibility; integrated final exercise contracts at original frame responsibilities
d22c4835b533c7818a74949f19b947742a83422f	c0e9a7a4b92190be6329a0ed1164a2ac30ac57ca	2265064ddf7f9fe3c80fc4b3a85f44afee36a055	ed85b4077fb7a9e1a377d2db726438c57fb6d209	0fad47bc84d45925c8bafcca7adc533d2f159e12	db4e5b1a49bd3ecaf622ed369566500f5db57557	2025-01-01T09:00:21+09:00	2025-01-01T09:00:21+09:00	integrated Spring JSON escaping at original test responsibility; integrated final exercise contracts at original frame responsibilities
966c8724ceaa4811b70137e99514f63c42fed18a	02c7596decfc76b5cb9579c53804501d9ce3e094	d22c4835b533c7818a74949f19b947742a83422f	c0e9a7a4b92190be6329a0ed1164a2ac30ac57ca	31a464e81eb567389e1608cf1809bac64f52523b	9567cc9ce8e510628b69d697ccccd3d9eba6f172	2025-01-02T09:58:02+09:00	2025-01-02T09:58:02+09:00	integrated Spring JSON escaping at original test responsibility; integrated final exercise contracts at original frame responsibilities
d98ea750851a38a3fdf63309269c8850c3c7a72c	8f79c544f80c4c12dc41be60a0080efba4d8bfcc	80da7131c8252567fe3fe123cdc4c45cb1d9137e 966c8724ceaa4811b70137e99514f63c42fed18a	f309c979b688fe3f8420413c58c242c16051b28b 02c7596decfc76b5cb9579c53804501d9ce3e094	31a464e81eb567389e1608cf1809bac64f52523b	9567cc9ce8e510628b69d697ccccd3d9eba6f172	2025-01-02T16:56:52+09:00	2025-01-02T16:56:52+09:00	integrated Spring JSON escaping at original test responsibility; integrated final exercise contracts at original frame responsibilities
188fd399c421e002bf59fe631a6c64891a0a4a8e	375e22a8e93b95dca568adcdb2cb704a9a2cf4bb	d98ea750851a38a3fdf63309269c8850c3c7a72c	8f79c544f80c4c12dc41be60a0080efba4d8bfcc	c0eaf19108cf0da870e07d68fe8379cb08db9ba7	22ef2c4df7d1f7ff4a2a80ddd07e4026a3b53da4	2025-01-03T09:55:42+09:00	2025-01-03T09:55:42+09:00	integrated Spring JSON escaping at original test responsibility; integrated final exercise contracts at original frame responsibilities
b6c888244950c14f559b0eb0ad25d2c9f6e399d3	a42cc4f736c74e11f9ecca06492e483bfabdddf0	188fd399c421e002bf59fe631a6c64891a0a4a8e	375e22a8e93b95dca568adcdb2cb704a9a2cf4bb	9b0a74dcecfbb1cda051d19527dfc010bd333dc6	c46ee5f9a90f77143dc2173d5f6c9fef1574c7fa	2025-01-04T16:52:14+09:00	2025-01-04T16:52:14+09:00	integrated Spring JSON escaping at original test responsibility; integrated final exercise contracts at original frame responsibilities
58f76e75f45026d3fb782d68118ffb2f1e1ab837	8811050824d8f80b1d63487edda0bd14c2d878c0	b6c888244950c14f559b0eb0ad25d2c9f6e399d3	a42cc4f736c74e11f9ecca06492e483bfabdddf0	e28138f8ab6b4d18fc7195f4c58fb700e48a1268	11c6e43b17b70024623afa9c5b2f07273535a3a6	2025-01-05T16:49:54+09:00	2025-01-05T16:49:54+09:00	integrated Spring JSON escaping at original test responsibility; integrated final exercise contracts at original frame responsibilities
5418bc6602b8617c486df2ab3c86bdb59a4005cd	1103dd707aa2eea2c524b996c66fe8cadc52fbc6	d98ea750851a38a3fdf63309269c8850c3c7a72c 58f76e75f45026d3fb782d68118ffb2f1e1ab837	8f79c544f80c4c12dc41be60a0080efba4d8bfcc 8811050824d8f80b1d63487edda0bd14c2d878c0	e28138f8ab6b4d18fc7195f4c58fb700e48a1268	11c6e43b17b70024623afa9c5b2f07273535a3a6	2025-01-06T09:48:45+09:00	2025-01-06T09:48:45+09:00	integrated Spring JSON escaping at original test responsibility; integrated final exercise contracts at original frame responsibilities
68f9c486b273d545756392f730bc02157a5279a3	fa2ae3e8a7d70a1ef4168eee59191ebd448ea5e7	5418bc6602b8617c486df2ab3c86bdb59a4005cd	1103dd707aa2eea2c524b996c66fe8cadc52fbc6	809cdc74eee4bb7f4f6e77462b32200730f29bff	29dd88cd4373aa5e119dd36ac5109840554bd7c0	2025-01-06T16:47:35+09:00	2025-01-06T16:47:35+09:00	integrated Spring JSON escaping at original test responsibility; integrated final exercise contracts at original frame responsibilities
9e8eb298039b77bc2b2ca323108329a8a673bac1	f3c99de2f399bd73d139e5cef6595c742df7c879	68f9c486b273d545756392f730bc02157a5279a3	fa2ae3e8a7d70a1ef4168eee59191ebd448ea5e7	dece9acc6c17f8e5e69a8ab9cc5e070d7d72db94	b8d5a306b4a122219f9c681ba86d7a9e22a886c8	2025-01-08T09:44:06+09:00	2025-01-08T09:44:06+09:00	integrated Spring JSON escaping at original test responsibility; integrated final exercise contracts at original frame responsibilities
20e82abebf85c3cc9164e8f28bb16f731de1e9e3	a011bb998953c92046661b24c043247c15674018	9e8eb298039b77bc2b2ca323108329a8a673bac1	f3c99de2f399bd73d139e5cef6595c742df7c879	70197f011f2030ac8a16f0a78a4405b9de8fd75c	e92a076f6ab09c7f7b57acf9bd6bb8043a9005bb	2025-01-09T09:41:47+09:00	2025-01-09T09:41:47+09:00	integrated Spring JSON escaping at original test responsibility; integrated final exercise contracts at original frame responsibilities
fd1325f4dce55ac1c4be9d9306e22072a5bd04a4	3bc04ed22adf7d7f0c82c2d8fc0397080e0afe50	5418bc6602b8617c486df2ab3c86bdb59a4005cd 20e82abebf85c3cc9164e8f28bb16f731de1e9e3	1103dd707aa2eea2c524b996c66fe8cadc52fbc6 a011bb998953c92046661b24c043247c15674018	70197f011f2030ac8a16f0a78a4405b9de8fd75c	e92a076f6ab09c7f7b57acf9bd6bb8043a9005bb	2025-01-09T16:40:38+09:00	2025-01-09T16:40:38+09:00	integrated Spring JSON escaping at original test responsibility; integrated final exercise contracts at original frame responsibilities
70c2aafd2d7dc1cb3eee161e307160b728035ce5	5c585b3bbacb3d11d767f3824606aa7f8d72bcb8	fd1325f4dce55ac1c4be9d9306e22072a5bd04a4	3bc04ed22adf7d7f0c82c2d8fc0397080e0afe50	7929f32c93924e5e2bd341315b1ae6b2c5b85870	6da5a4c0fbc9c43706ebacf1dc059e24022a2465	2025-01-10T09:39:28+09:00	2025-01-10T09:39:28+09:00	integrated Spring JSON escaping at original test responsibility; integrated final exercise contracts at original frame responsibilities
36dc457af21cc88b429e36c526e72759d48807b1	528edaf07788fe27a26a8d77bc4d2c3f05d44e9a	70c2aafd2d7dc1cb3eee161e307160b728035ce5	5c585b3bbacb3d11d767f3824606aa7f8d72bcb8	898592ccd8fb97a82cc6acb5d17e32e2b17cb138	36e160b20e6d23b1c8f8170d3c0f5ac3450a4f41	2025-01-11T16:35:59+09:00	2025-01-11T16:35:59+09:00	integrated Spring JSON escaping at original test responsibility; integrated final exercise contracts at original frame responsibilities
a56e743aa48d053e4149cf4c829d83841237dd57	53f17d543619e4ac235fd6629121b4a617381583	36dc457af21cc88b429e36c526e72759d48807b1	528edaf07788fe27a26a8d77bc4d2c3f05d44e9a	1c4657978658545f5e85daf4fc958619467a3786	3bcfa0525e5154c539ba9ccecbe552ef7515574e	2025-01-12T16:33:40+09:00	2025-01-12T16:33:40+09:00	integrated Spring JSON escaping at original test responsibility; integrated final exercise contracts at original frame responsibilities
5c65690bf288a5a48fdc2ac8d4517bc0672657f3	994e0a3f1680707f6012bf34f71d5261dde1f2b0	fd1325f4dce55ac1c4be9d9306e22072a5bd04a4 a56e743aa48d053e4149cf4c829d83841237dd57	3bc04ed22adf7d7f0c82c2d8fc0397080e0afe50 53f17d543619e4ac235fd6629121b4a617381583	1c4657978658545f5e85daf4fc958619467a3786	3bcfa0525e5154c539ba9ccecbe552ef7515574e	2025-01-13T09:32:30+09:00	2025-01-13T09:32:30+09:00	integrated Spring JSON escaping at original test responsibility; integrated final exercise contracts at original frame responsibilities
72b40552496f08a751a424c09a7e52006c88f54e	597b9c67f14694a82cffbc485ed2c0b3684beecd	5c65690bf288a5a48fdc2ac8d4517bc0672657f3	994e0a3f1680707f6012bf34f71d5261dde1f2b0	884842c3404a2478cd0382835faead81db45252c	f11d0ab1ae32364375a8c723b17febf966e52d40	2025-01-13T11:43:49+09:00	2025-01-13T11:43:49+09:00	integrated Spring JSON escaping at original test responsibility; integrated final exercise contracts at original frame responsibilities
ab46eec838ede91427a46a32109b79408a04b45f	a60fcc57953d88472027a238f827d5ce26243bc2	72b40552496f08a751a424c09a7e52006c88f54e	597b9c67f14694a82cffbc485ed2c0b3684beecd	e5efbb2a87648e2900e05b266ddaaf3ff178cde5	dbbd18f822e3020063ec099766d37ae74b864bbf	2025-01-14T09:17:43+09:00	2025-01-14T09:17:43+09:00	integrated Spring JSON escaping at original test responsibility; integrated final exercise contracts at original frame responsibilities
872b1973f3467037fbe1e0faf8b35f331d9ff657	455a576e098e03247c1c4c118dbb96ef5d36af76	ab46eec838ede91427a46a32109b79408a04b45f	a60fcc57953d88472027a238f827d5ce26243bc2	d9bb0c66d6618fcf88e65e1c29ad4b4ac9c43946	c8ec378472004dc776a4047e993eb481968d966b	2025-01-14T09:47:50+09:00	2025-01-14T09:47:50+09:00	integrated Spring JSON escaping at original test responsibility; integrated final exercise contracts at original frame responsibilities
57a789e14ee6226b87f4e80e1d7fd616d39343d0	387c40c389d07dc9ca034e38833a2eb2c4d3df4b	5c65690bf288a5a48fdc2ac8d4517bc0672657f3 872b1973f3467037fbe1e0faf8b35f331d9ff657	994e0a3f1680707f6012bf34f71d5261dde1f2b0 455a576e098e03247c1c4c118dbb96ef5d36af76	d9bb0c66d6618fcf88e65e1c29ad4b4ac9c43946	c8ec378472004dc776a4047e993eb481968d966b	2025-01-15T09:51:38+09:00	2025-01-15T09:51:38+09:00	integrated Spring JSON escaping at original test responsibility; integrated final exercise contracts at original frame responsibilities
f8cce0468ebc703b4c46e8d1d149a263711b4769	22153f0c3550b3bef0cd1f6a96c302e5e72a9970	57a789e14ee6226b87f4e80e1d7fd616d39343d0	387c40c389d07dc9ca034e38833a2eb2c4d3df4b	dd88e56e0a1e3c8032363fefd7022b52b7360c66	19a62a62ca225d3be991209dd0ec7e35976f8141	2025-01-16T09:25:33+09:00	2025-01-16T09:25:33+09:00	integrated Spring JSON escaping at original test responsibility; integrated final exercise contracts at original frame responsibilities
bc536f0f5a24ea80407acdfe19a0c685cef1879e	18aa975a63e82c92b7fbeb045048c9615f7ea189	f8cce0468ebc703b4c46e8d1d149a263711b4769	22153f0c3550b3bef0cd1f6a96c302e5e72a9970	4726586e5fd0283a29e9420aee1d75b83db1820b	28d2cdd6096fe2a191e48ca58ecaa7165fe591ed	2025-01-16T18:48:09+09:00	2025-01-16T18:48:09+09:00	integrated Spring JSON escaping at original test responsibility; integrated final exercise contracts at original frame responsibilities
f77ae04db4a30d524076edc168246a5e21935c7b	2330cd07691c4fee01f9727838b5c2db03bfc7cd	57a789e14ee6226b87f4e80e1d7fd616d39343d0 bc536f0f5a24ea80407acdfe19a0c685cef1879e	387c40c389d07dc9ca034e38833a2eb2c4d3df4b 18aa975a63e82c92b7fbeb045048c9615f7ea189	4726586e5fd0283a29e9420aee1d75b83db1820b	28d2cdd6096fe2a191e48ca58ecaa7165fe591ed	2025-01-17T09:59:28+09:00	2025-01-17T09:59:28+09:00	integrated Spring JSON escaping at original test responsibility; integrated final exercise contracts at original frame responsibilities
379b1f21cac4866173d958f26c8d3eee1345317d	13cf5de642254611d2c8f434e41cf11fb878c6ef	f77ae04db4a30d524076edc168246a5e21935c7b	2330cd07691c4fee01f9727838b5c2db03bfc7cd	d230d0d2940846c79f2980ba60ea90d08c7c3806	04d2e2b1b3854aba6a134c64abb7149a238a8b01	2025-01-17T10:00:28+09:00	2025-01-17T10:00:28+09:00	integrated Spring JSON escaping at original test responsibility; integrated final exercise contracts at original frame responsibilities
224de7884729cf2b25916a50cbed22fdd444eab0	0a928dfa4ccabe1bc82c94c53663e1e23abbc196	379b1f21cac4866173d958f26c8d3eee1345317d	13cf5de642254611d2c8f434e41cf11fb878c6ef	f7b3c24370d3530ca48e2d9671c8ea5b6816ad57	b0c840b90c2362c74327ad5737eb193c497a6595	2025-01-18T09:44:41+09:00	2025-01-18T09:44:41+09:00	integrated Spring JSON escaping at original test responsibility; integrated final exercise contracts at original frame responsibilities
e4b6cf9b0e497198fe4b7389466e4bf490169f9b	371627b254ae55145f5e9800f8befbd38bee4e6e	224de7884729cf2b25916a50cbed22fdd444eab0	0a928dfa4ccabe1bc82c94c53663e1e23abbc196	1a91682a79b0aa225292dadbd1679c1c98d15df3	9b6838a9625a5f20194bbb76ae87c9ac0f9aad9f	2025-01-18T21:07:17+09:00	2025-01-18T21:07:17+09:00	integrated Spring JSON escaping at original test responsibility; integrated final exercise contracts at original frame responsibilities
451ea2a217564a3664ec4281c6edb3d9d03f27f1	0c04abed62413343d142f0727f74390e3c8a5885	f77ae04db4a30d524076edc168246a5e21935c7b e4b6cf9b0e497198fe4b7389466e4bf490169f9b	2330cd07691c4fee01f9727838b5c2db03bfc7cd 371627b254ae55145f5e9800f8befbd38bee4e6e	1a91682a79b0aa225292dadbd1679c1c98d15df3	9b6838a9625a5f20194bbb76ae87c9ac0f9aad9f	2025-01-19T09:18:35+09:00	2025-01-19T09:18:35+09:00	integrated Spring JSON escaping at original test responsibility; integrated final exercise contracts at original frame responsibilities
fbedb25479cbd1534ccb947792f1210b9e1ecc8c	2d9ed8ea53d0d27389174cdb577a01409106e470	451ea2a217564a3664ec4281c6edb3d9d03f27f1	0c04abed62413343d142f0727f74390e3c8a5885	72dd0af707cfac28ca04cd525a0e8679b981acf8	27ccbde2974f05aef33854018213b78f05a6dee4	2025-01-19T11:29:53+09:00	2025-01-19T11:29:53+09:00	integrated Spring JSON escaping at original test responsibility; integrated final exercise contracts at original frame responsibilities
ad4ac237a73b57fab9a26b1cc46fb0edb91f7875	4a3de05e21af78c3ac94829082987fd5760302e5	fbedb25479cbd1534ccb947792f1210b9e1ecc8c	2d9ed8ea53d0d27389174cdb577a01409106e470	cedae6ddde2c47433e1c8f1917d0b35d66232284	72e8b81d5fc2a4440e750071008a7be08ac08e87	2025-01-20T09:03:48+09:00	2025-01-20T09:03:48+09:00	integrated Spring JSON escaping at original test responsibility; integrated final exercise contracts at original frame responsibilities
71fdca38a3f281ccf695296b77b830847e165fdf	808cbd82f3c49ab7d72699f78f614be69b71ef78	ad4ac237a73b57fab9a26b1cc46fb0edb91f7875	4a3de05e21af78c3ac94829082987fd5760302e5	844024478902f512249ee6114c07fb2d576264bf	0bb00debe1cee2c24f7d67ba3dab201e3c4c7b2a	2025-01-20T09:19:37+09:00	2025-01-20T09:19:37+09:00	integrated Spring JSON escaping at original test responsibility; integrated final exercise contracts at original frame responsibilities
6c0306750ab5567bfc82aaee4c4608f4c4c6280d	3f394ffdb6e43c03d390251f4def443539f8b504	451ea2a217564a3664ec4281c6edb3d9d03f27f1 71fdca38a3f281ccf695296b77b830847e165fdf	0c04abed62413343d142f0727f74390e3c8a5885 808cbd82f3c49ab7d72699f78f614be69b71ef78	844024478902f512249ee6114c07fb2d576264bf	0bb00debe1cee2c24f7d67ba3dab201e3c4c7b2a	2025-01-21T09:37:43+09:00	2025-01-21T09:37:43+09:00	integrated Spring JSON escaping at original test responsibility; integrated final exercise contracts at original frame responsibilities
0850643e6df35536fcd9c294b61eb04faf3c9e19	9e07e342d6c3db20fa189d11c9012219e33ebcc4	6c0306750ab5567bfc82aaee4c4608f4c4c6280d	3f394ffdb6e43c03d390251f4def443539f8b504	03f73be6ca4b9dc19e7478272d210af90955e5fa	d15f9d2cc74832a7b482889bb2eba7fa0b1c8a1a	2025-01-21T13:49:01+09:00	2025-01-21T13:49:01+09:00	integrated Spring JSON escaping at original test responsibility; integrated final exercise contracts at original frame responsibilities
c6d47079ae3d8892e47bf42ca8ad6680365e817a	7353ac248372174ccb54b6b2f788b73978309275	0850643e6df35536fcd9c294b61eb04faf3c9e19	9e07e342d6c3db20fa189d11c9012219e33ebcc4	3dcbe9795154c4274576457c0eed6771f9c168fb	821fd41d77a75a43f8b40b28fccb67014a797aa1	2025-01-22T11:22:56+09:00	2025-01-22T11:22:56+09:00	integrated Spring JSON escaping at original test responsibility; integrated final exercise contracts at original frame responsibilities
cf561dcddf8fbd280ad7234d01ff496b966cb7ca	d76c0d38417c48037bb3e2917a37853557bb2972	c6d47079ae3d8892e47bf42ca8ad6680365e817a	7353ac248372174ccb54b6b2f788b73978309275	e1ffcfeaea223d47a270757c6f5858e19c7c0e68	3ebddc632c3dcf574e892dc7e4338bd1107e1017	2025-01-23T09:45:32+09:00	2025-01-23T09:45:32+09:00	integrated Spring JSON escaping at original test responsibility; integrated final exercise contracts at original frame responsibilities
72093f3ac6bf2c3f5bcb881ad3bc053b2cb27121	a5628aae5835002d2e9c93783f68cfffcaef478f	6c0306750ab5567bfc82aaee4c4608f4c4c6280d cf561dcddf8fbd280ad7234d01ff496b966cb7ca	3f394ffdb6e43c03d390251f4def443539f8b504 d76c0d38417c48037bb3e2917a37853557bb2972	e1ffcfeaea223d47a270757c6f5858e19c7c0e68	3ebddc632c3dcf574e892dc7e4338bd1107e1017	2025-01-23T09:56:51+09:00	2025-01-23T09:56:51+09:00	integrated Spring JSON escaping at original test responsibility; integrated final exercise contracts at original frame responsibilities
5d34d73098c10e37cba1bbfdaafb097222aad1f3	da3501a1e92a1c8c1363ac58d515f6845e442c6e	72093f3ac6bf2c3f5bcb881ad3bc053b2cb27121	a5628aae5835002d2e9c93783f68cfffcaef478f	a269753de1b9697d05c164362b3ef643d9361f51	882fd5b7305e33bf2e518c25b69e9cc26eae8d5a	2025-01-23T16:08:09+09:00	2025-01-23T16:08:09+09:00	integrated Spring JSON escaping at original test responsibility; integrated final exercise contracts at original frame responsibilities
218f466185294381227c00396c926333f8534a5f	7e49c66c35c207b3c73244afb1e80b73fae5bc8d	5d34d73098c10e37cba1bbfdaafb097222aad1f3	da3501a1e92a1c8c1363ac58d515f6845e442c6e	e5fd910ddb42f28028436cd876113c43575b26bb	a3dbbd02ed747649c0353b81f74914a88f0454c4	2025-01-24T20:53:22+09:00	2025-01-24T20:53:22+09:00	integrated Spring JSON escaping at original test responsibility; integrated final exercise contracts at original frame responsibilities
a0683293a9ea732141fcb652e1f901374e2e9f9b	b8b9618cbf0226078cfaab9b0a1067af788a6f4a	218f466185294381227c00396c926333f8534a5f	7e49c66c35c207b3c73244afb1e80b73fae5bc8d	d1ea1d51c39a7d9f579b6f2b006af88a9d72f997	4ef98944c355e288e4fef76353c3b965704ad212	2025-01-25T11:15:58+09:00	2025-01-25T11:15:58+09:00	integrated Spring JSON escaping at original test responsibility; integrated final exercise contracts at original frame responsibilities
fccc392fb1bc64003881c1d6f3fe528ae0099eda	3ea1c33bc4d22149b3ef26c8b1d3f9d2e1cd18fd	72093f3ac6bf2c3f5bcb881ad3bc053b2cb27121 a0683293a9ea732141fcb652e1f901374e2e9f9b	a5628aae5835002d2e9c93783f68cfffcaef478f b8b9618cbf0226078cfaab9b0a1067af788a6f4a	d1ea1d51c39a7d9f579b6f2b006af88a9d72f997	4ef98944c355e288e4fef76353c3b965704ad212	2025-01-25T18:27:17+09:00	2025-01-25T18:27:17+09:00	integrated Spring JSON escaping at original test responsibility; integrated final exercise contracts at original frame responsibilities
450d194f0d79c857a1c87cf11b1d999c5b21d089	b8f8743dc5aefa6ca9dc66663478f9389c269a8f	2a8940ee313262572346373bce89814e33e02264	3ea1c33bc4d22149b3ef26c8b1d3f9d2e1cd18fd	cbaf302e92c0cb516f16c6411e3758bc8a219aa7	45836e1d25188b8ee0cee2051e69dd336ab2854e	2025-01-27T09:23:48+09:00	2025-01-26T09:19:53+09:00	reordered before CI; checker fixes and README-only contract integrated
2a8940ee313262572346373bce89814e33e02264	dc88775ba73e69b39d6902bf055c9ab13dd3b086	fccc392fb1bc64003881c1d6f3fe528ae0099eda	b8f8743dc5aefa6ca9dc66663478f9389c269a8f	040f20343b4e32ffa7ad0fa812e57b8a32c120ff	81fdb6dce686952c87a880995fb08b28b33a4f28	2025-01-26T09:49:53+09:00	2025-01-26T09:49:53+09:00	reordered after green checker; CI and Make target retained
a6dd7aac98ab0d99203bb2c6c3ed1262bbca9bbc	2d5d399ff79c193a6e6711bc947a9b0be6f92f35	450d194f0d79c857a1c87cf11b1d999c5b21d089	dc88775ba73e69b39d6902bf055c9ab13dd3b086	5209e4d2e6566ebf713361985c19d87eb0c1931a	3d903705cc4efd7f5da25e7010368ae36834f53e	2025-01-27T13:35:06+09:00	2025-01-27T13:35:06+09:00	integrated Spring JSON escaping at original test responsibility; integrated final exercise contracts at original frame responsibilities; integrated green README-only checker at introduction; integrated verification README at documentation responsibility
84a71d8078250fa96d09d3333c55e11d51af30ca	eafa4de2a15af35a8a8132521c71a428d2fade9b	fccc392fb1bc64003881c1d6f3fe528ae0099eda a6dd7aac98ab0d99203bb2c6c3ed1262bbca9bbc	3ea1c33bc4d22149b3ef26c8b1d3f9d2e1cd18fd 2d5d399ff79c193a6e6711bc947a9b0be6f92f35	5209e4d2e6566ebf713361985c19d87eb0c1931a	3d903705cc4efd7f5da25e7010368ae36834f53e	2025-01-27T20:46:24+09:00	2025-01-27T20:46:24+09:00	integrated Spring JSON escaping at original test responsibility; integrated final exercise contracts at original frame responsibilities; integrated green README-only checker at introduction; integrated verification README at documentation responsibility
0fd5b265e7557521e7c672bb1c3c7648c1ab7d73	-	84a71d8078250fa96d09d3333c55e11d51af30ca	eafa4de2a15af35a8a8132521c71a428d2fade9b	a0a1abe1b0bebd0b763386e9f9557887d487f62a	-	2025-01-28T11:09:01+09:00	-	integrated into checker introduction; empty fix excluded
45313fde0588042797b108c7d63b95453c520f16	-	84a71d8078250fa96d09d3333c55e11d51af30ca 0fd5b265e7557521e7c672bb1c3c7648c1ab7d73	eafa4de2a15af35a8a8132521c71a428d2fade9b	a0a1abe1b0bebd0b763386e9f9557887d487f62a	-	2025-01-28T18:20:19+09:00	-	integrated checker correction; empty merge excluded
76052e3cdbca9b36788fe8db55a3b635b4c34100	-	45313fde0588042797b108c7d63b95453c520f16	eafa4de2a15af35a8a8132521c71a428d2fade9b	324285df062bffc67879f896d7f9a41fea629f6a	-	2025-01-29T09:42:55+09:00	-	integrated into original Spring test responsibilities; empty fix excluded
7ad4d74ab0b472f999153f2c30baf277dccd903c	-	45313fde0588042797b108c7d63b95453c520f16 76052e3cdbca9b36788fe8db55a3b635b4c34100	eafa4de2a15af35a8a8132521c71a428d2fade9b	324285df062bffc67879f896d7f9a41fea629f6a	-	2025-01-29T15:54:14+09:00	-	integrated Spring correction; empty merge excluded
bdbe56070a9ddfa8fbf7668b4dcb18a3f48dc5d1	b3ba6e7654587f201a4bfb4a26b890125b00746b	7ad4d74ab0b472f999153f2c30baf277dccd903c	eafa4de2a15af35a8a8132521c71a428d2fade9b	36507165dbd972850b86f0224373fc574d490312	966719c825862b754e24c03b3fd633d07153a1ce	2025-01-30T09:16:50+09:00	2025-01-30T09:16:50+09:00	integrated final exercise contracts at original frame responsibilities; integrated green README-only checker at introduction; integrated verification README at documentation responsibility
38422cb2f2a16fe333ff966a5b321e56d1fc1b4f	61eeee352fbd315309b31f1de24b956fd761e11a	bdbe56070a9ddfa8fbf7668b4dcb18a3f48dc5d1	b3ba6e7654587f201a4bfb4a26b890125b00746b	8ce877259e9bbbf9d83b5cb13f356b3a1863f9ea	b4f748b985b8c5c3aade007770dedd6c74833557	2025-01-30T20:39:27+09:00	2025-01-30T20:39:27+09:00	integrated final exercise contracts at original frame responsibilities; integrated green README-only checker at introduction; integrated verification README at documentation responsibility
6853f170be8e0d3d1ffc93ec008bc2333e544290	-	38422cb2f2a16fe333ff966a5b321e56d1fc1b4f	61eeee352fbd315309b31f1de24b956fd761e11a	b4f748b985b8c5c3aade007770dedd6c74833557	-	2025-01-31T20:37:08+09:00	-	integrated checker and exercise contracts at original responsibilities; empty alignment excluded
a1daee3e039cf4c68382ea8c7c106f0bfe9d9ab3	2353925fb126d8f2c98e3e22cb1a3c771ac1c60e	6853f170be8e0d3d1ffc93ec008bc2333e544290	61eeee352fbd315309b31f1de24b956fd761e11a	c16585362f7a9c0269cc4ac4e69101a0fb71c8a3	c16585362f7a9c0269cc4ac4e69101a0fb71c8a3	2026-06-02T09:59:31+09:00	2025-01-31T20:47:08+09:00	tree-identical
a4ead05308c36c21685e421815d4b3aa6d044cdc	7a7abba2edc5f7fe2941ddacda2161a82fab1936	a1daee3e039cf4c68382ea8c7c106f0bfe9d9ab3	2353925fb126d8f2c98e3e22cb1a3c771ac1c60e	5a3f2a22cd74651aef5574c382a862bf1214dc15	5a3f2a22cd74651aef5574c382a862bf1214dc15	2026-06-11T10:13:52+09:00	2025-01-31T20:57:08+09:00	tree-identical
ea22611d0efde0eb76d0f35e77dbdcc355ea0610	0c330c6347367cde344f453cc9381c304f7d54f6	a4ead05308c36c21685e421815d4b3aa6d044cdc	7a7abba2edc5f7fe2941ddacda2161a82fab1936	4dfdba9d5a16f54e08f67de1565a5104200d9409	4dfdba9d5a16f54e08f67de1565a5104200d9409	2026-06-13T12:02:21+09:00	2025-01-31T21:07:08+09:00	tree-identical
a044b0057d8a0e7cdd3071ed981ff63461a2b827	ffbc73e04329edd24409976671b6f544d8f41cfd	ea22611d0efde0eb76d0f35e77dbdcc355ea0610	0c330c6347367cde344f453cc9381c304f7d54f6	bf89cc2f64f70ac60bf3d031c1579b6c9e85d73e	bf89cc2f64f70ac60bf3d031c1579b6c9e85d73e	2026-06-14T11:26:40+09:00	2025-01-31T21:17:08+09:00	tree-identical
189f49548edea71eb17fc92acf3059daa089d6f3	0a046f05b9d4150948e2da1142ba152a777128b0	a044b0057d8a0e7cdd3071ed981ff63461a2b827	ffbc73e04329edd24409976671b6f544d8f41cfd	5c3b04b6cbe85c2d8ba1e43c6d927c00d271db29	5c3b04b6cbe85c2d8ba1e43c6d927c00d271db29	2026-07-12T11:36:44+09:00	2025-01-31T21:27:08+09:00	tree-identical
bd494c29894b57f991429e07a311d6d9a9580ddb	48392799e1e884f4413a712267c63584ffc9c2b3	189f49548edea71eb17fc92acf3059daa089d6f3	0a046f05b9d4150948e2da1142ba152a777128b0	4c1d67cc1e133ca21aa58199ffec76831aeaf120	4c1d67cc1e133ca21aa58199ffec76831aeaf120	2026-07-14T14:42:43+09:00	2025-01-31T21:37:08+09:00	tree-identical
770d7ea217d5d53d1cb5e0aa8e5cf822fa4d8532	a81d00757aaa679a66391512fac62a8e09c155bd	bd494c29894b57f991429e07a311d6d9a9580ddb	48392799e1e884f4413a712267c63584ffc9c2b3	6ab17ec9e964afaf835c2997a7aac6310b716881	69d907b14a89626034e93d2c637964e8627a6dc3	2026-07-14T14:42:51+09:00	2025-01-31T21:47:08+09:00	source docs retained; legacy learning links normalized; canonical card backlink integrated
432b43bc42af8daeef62ad6ac8fbef13f52eb41f	-	770d7ea217d5d53d1cb5e0aa8e5cf822fa4d8532	a81d00757aaa679a66391512fac62a8e09c155bd	f3bc87070a593ceea3aae67be1cbe5a105c7afdb	-	2026-07-15T17:57:00+09:00	-	canonical card backlink integrated into source navigation; remaining learner navigation excluded
